{"cameraMode":{"drawMode":0,"name":"Shaded","section":"Shading Mode"},"sceneLighting":true,"audioPlay":false,"sceneViewState":{"m_AlwaysRefresh":false,"showFog":true,"showSkybox":true,"showFlares":true,"showImageEffects":true,"showParticleSystems":true,"showVisualEffectGraphs":true,"m_FxEnabled":true},"in2DMode":false,"pivot":{"x":821.440185546875,"y":612.0945434570313,"z":-97.90330505371094},"rotation":{"x":-0.02700655348598957,"y":0.0011967195896431804,"z":-0.000032041145459515974,"w":-0.9996406435966492},"size":453.58538818359377,"orthographic":false}