{"cameraMode":{"drawMode":0,"name":"Shaded","section":"Shading Mode"},"sceneLighting":true,"audioPlay":false,"sceneViewState":{"m_AlwaysRefresh":false,"showFog":true,"showSkybox":true,"showFlares":true,"showImageEffects":true,"showParticleSystems":true,"showVisualEffectGraphs":true,"m_FxEnabled":true},"in2DMode":false,"pivot":{"x":1012.6370849609375,"y":571.9672241210938,"z":45.743919372558597},"rotation":{"x":-0.03779946267604828,"y":-0.008396768942475319,"z":0.0003173072764184326,"w":-0.9992539286613464},"size":742.5034790039063,"orthographic":false}